[
  {
    "type": "Virtual account",
    "banks": [
      {
        "name": "BCA",
        "surcharge": 3500
      },
      {
        "name": "BRI",
        "surcharge": 3500
      },
      {
        "name": "BNI",
        "surcharge": 3500
      },
      {
        "name": "BTN",
        "surcharge": 3500
      },
      {
        "name": "MANDIRI",
        "surcharge": 3500
      },
      {
        "name": "BSI",
        "surcharge": 3500
      },
      {
        "name": "BJB",
        "surcharge": 3500
      },
      {
        "name": "PERMATA BANK",
        "surcharge": 3500
      },
      {
        "name": "MAYBANK",
        "surcharge": 3500
      },
      {
        "name": "BANKMEGA",
        "surcharge": 3500
      },
      {
        "name": "BNC",
        "surcharge": 3500
      }
    ]
  },
  {
    "type": "Instant payment",
    "banks": [
      {
        "name": "PERMATANET",
        "surcharge": 4000
      },
      {
        "name": "ATM BERSAMA",
        "surcharge": 2000,
        "surcharge_percentage": 0.016
      }
    ]
  },
  {
    "type": "Credit / debit card",
    "banks": [
      {
        "name": "VISA",
        "surcharge": 1000,
        "surcharge_percentage": 0.023
      },
      {
        "name": "MASTER CARD",
        "surcharge": 1000,
        "surcharge_percentage": 0.023
      },
      {
        "name": "JCB",
        "surcharge": 1000,
        "surcharge_percentage": 0.023
      }
    ]
  },
  {
    "type": "E-money / E-wallet",
    "banks": [
      {
        "name": "LINK AJA",
        "surcharge": 3500
      },
      {
        "name": "PAY MONEY",
        "surcharge": 500
      },
      {
        "name": "DANA",
        "surcharge": 0,
        "surcharge_percentage": 0.015
      },
      {
        "name": "OVO",
        "surcharge": 0,
        "surcharge_percentage": 0.015
      },
      {
        "name": "SHOPPE PAY",
        "surcharge": 0,
        "surcharge_percentage": 0.02
      }
    ]
  },
  {
    "type": "QRIS",
    "banks": [
      {
        "name": "QRIS",
        "surcharge": 0,
        "surcharge_percentage": 0.007
      }
    ]
  },
  {
    "type": "Paylater & Installments",
    "banks": [
      {
        "name": "INDONADA",
        "surcharge": 0,
        "surcharge_percentage": 0.01
      },
      {
        "name": "KREDIVO",
        "surcharge": 0,
        "surcharge_percentage": 0.023
      }
    ]
  }
]